{
    "dt": 1e-07,
    "lambda": 0.1,
    "inputs_mean": [
        3096.38654235047,
        19539.04210206701,
        -5.434809500760153,
        -1.6224765774234,
        -7.564862561402432,
        -5.520260032295538,
        -8.118702557785063,
        -7.750875288130523,
        -0.27403057855807916
    ],
    "inputs_std": [
        1415.3621997506573,
        10602.754126840331,
        2.95941528429391,
        0.32365275088236156,
        1.8589665447525594,
        3.3037317317359247,
        1.3573269969147295,
        1.1872687476590311,
        0.028076445471223444
    ],
    "labels_mean": [
        5101.025245747138,
        -302.1075948159572,
        2604.652437497201,
        4855.653962281187,
        2021.454274376449,
        2409.573368949358,
        -23.089994763727656,
        -136.37629943329364
    ],
    "labels_std": [
        286357.1945533347,
        1098.2844645161451,
        144914.5915025755,
        161117.8005200398,
        63615.248257685394,
        210945.11948950012,
        156.0851978692596,
        463.8763087283347
    ]
}