{
    "dt": 1e-07,
    "lambda": 0.1,
    "inputs_mean": [
        3666.2546015407906,
        5500.869542463568,
        -2.7859818150770703,
        -2.4795200230133045,
        -5.936488066047244,
        -3.6742040143207912,
        -0.5841170052075173
    ],
    "inputs_std": [
        1260.5192023646644,
        3992.0879072330067,
        1.8509239075918311,
        1.858216600885121,
        2.2832651075843495,
        1.5766485634320067,
        0.5266959908176697
    ],
    "labels_mean": [
        3205.7037873153467,
        -1120.0651195276462,
        -17.06383733580073,
        2416.3210812264333,
        54.11079928150802,
        -884367.4268341286
    ],
    "labels_std": [
        208386.90639661494,
        19191.27025957713,
        85247.74688378515,
        180078.2278764665,
        6537.3258827269565,
        21011557.127450705
    ]
}