{
    "dt": 1e-07,
    "lambda": 0.1,
    "inputs_mean": [
        3475.276537540936,
        4938.664651962904,
        -3.0120036744712664,
        -1.9013959615727785,
        -6.507471887268769,
        -3.7403069087380105,
        -0.5807251203739655
    ],
    "inputs_std": [
        1079.6440230378491,
        2636.8879560817877,
        1.7772162802008304,
        1.4985323129499235,
        1.8215719911850496,
        1.5788751247065298,
        0.5491923277279886
    ],
    "labels_mean": [
        4045.196599457029,
        -795.6965884566091,
        77.3473658049467,
        2941.722934776378,
        0.3072843252039271,
        -1254795.5665999544
    ],
    "labels_std": [
        234261.53684519322,
        6615.572028380882,
        89904.27960498513,
        180847.51732754637,
        2238.4603739492454,
        13149172.374331502
    ]
}