{
    "dt": 2.5e-08,
    "lambda": 0.2,
    "inputs_mean": [
        3090.6018071487606,
        47469.70133958511,
        -3.6536798045647205,
        -1.459262199210058,
        -4.555001506878506,
        -3.592410949430079,
        -4.752256178230232,
        -4.680006714307355,
        -0.2681521078069622
    ],
    "inputs_std": [
        1519.9210921257657,
        27014.948573805268,
        1.1854461183827225,
        0.2517748392809195,
        0.4537131580083496,
        1.3643070706431641,
        0.23247358437281207,
        0.22338646366923298,
        0.028185960573208997
    ],
    "labels_mean": [
        6125.593920628953,
        -869.9962233819638,
        1891.8164482666566,
        6216.585700584498,
        1091.8781574787697,
        1316.521209563981,
        -85.59673963327377,
        -456.6714485765272
    ],
    "labels_std": [
        196389.70883333904,
        2957.138709595586,
        59371.275143690895,
        79040.37265007733,
        13928.67968730377,
        103843.69635051627,
        486.14846106650083,
        1496.4156939654654
    ]
}