{
    "dt": 1e-07,
    "lambda": 0.2,
    "inputs_mean": [
        3259.298808375956,
        42044.76897483948,
        -2.4404391782808186,
        -1.956665631293151,
        -4.100849702952781,
        -3.059582948360058,
        -0.33572095192280826
    ],
    "inputs_std": [
        1314.6149085764591,
        27363.220720807305,
        1.3321415577026146,
        0.9151173031697791,
        0.8124548191681927,
        0.9584007695707063,
        0.036774719668155105
    ],
    "labels_mean": [
        2231.5170127939355,
        -834.9691013803356,
        566.9597968930724,
        1550.6861531394054,
        -18.991089405242434,
        -1776895.1614390989
    ],
    "labels_std": [
        147545.59744986994,
        17398.43322004777,
        64901.82710017651,
        89261.61477205413,
        947.3336681933057,
        54186815.69450182
    ]
}